Gene,disease,OMIM #,Disease Category,Inheritance,Number of Confirmed Patients,Informed by
AAAS,Achalasia-addisonianism-alacrimia syndrome,"<a href=""https://www.omim.org/entry/231550"">231550</a>",ocular,AR,1,
ABCA4,"Stargardt disease, type 1","<a href=""https://www.omim.org/entry/248200"">248200</a>",ocular,AR,225,
ABCA4,"Cone-rod dystrophy, type 3","<a href=""https://www.omim.org/entry/604116"">604116</a>",ocular,AR,21,
ABCA4,"Retinitis pigmentosa, type 19","<a href=""https://www.omim.org/entry/601718"">601718</a>",ocular,AR,8,
ABCB11,"Cholestasis, progressive familial intrahepatic, type 2","<a href=""https://www.omim.org/entry/601847"">601847</a>",metabolic,AR,1,
ABCC6,Pseudoxanthoma elasticum,"<a href=""https://www.omim.org/entry/264800"">264800</a>",connective tissue,AR,17,
ABCD1,Adrenoleukodystrophy,"<a href=""https://www.omim.org/entry/300100"">300100</a>",neurological,XL,1,
ABHD12,Retinitis pigmentosa,"<p>Nishiguchi et al., 2014</p>",ocular,AR,1,
ACSF3,Combined malonic and methylmalonic aciduria,"<a href=""https://www.omim.org/entry/614265"">614265</a>",metabolic,AR,1,
ACTA1,"Congenital myopathy type 2A, typical","<a href=""https://www.omim.org/entry/161800"">161800</a>",muscular,AD,1,
ACTG1,"Baraitser-Winter sydrome, type 2","<a href=""https://www.omim.org/entry/614583"">614583</a>",neurodevelopmental,AD,2,
ACVR1,Fibrodysplasia ossificans progressiva,"<a href=""https://www.omim.org/entry/135100"">135100</a>",skeletal,AD,1,
ACVRL1,"Telangiectasia, hereditary hemorrhagic, type 2","<a href=""https://www.omim.org/entry/600376"">600376</a>",cerebrovascular,AD,2,
ADA2,"Vasculitis, autoinflammation, immunodeficiency, and hematologic defects syndrome","<a href=""https://www.omim.org/entry/615688"">615688</a>","hematological, immunological and lymphatic",AR,2,
ADAM9,"Cone-rod dystrophy, type 9","<a href=""https://www.omim.org/entry/612775"">612775</a>",ocular,AR,1,
ADAMTS17,"Weill-marchesani syndrome, type 4","<a href=""https://www.omim.org/entry/613195"">613195</a>",skeletal,AR,1,
ADAMTSL4,Ectopia lentis et pupillae,"<a href=""https://www.omim.org/entry/225200"">225200</a>",ocular,AR,1,
ADGRL1,"Developmental delay, behavioral abnormalities, and neuropsychiatric disorders","<a href=""https://www.omim.org/entry/620065"">620065</a>",neurodevelopmental,AD,1,
ADGRV1,"Usher syndrome, type 2C","<a href=""https://www.omim.org/entry/605472"">605472</a>",ocular,AR,3,
ADSL,Adenylosuccinase deficiency,"<a href=""https://www.omim.org/entry/103050"">103050</a>",metabolic,AR,1,
AGRN,"Myasthenic syndrome, congenital, type 8, with pre- and postsynaptic defects","<a href=""https://www.omim.org/entry/615120"">615120</a>",neurological,AR,1,
ADHC1,Xia-Gibbs syndrome,"<a href=""https://www.omim.org/entry/615829"">615829</a>",neurodevelopmental,AD,2,
AHI1,"Joubert syndrome, type 3","<a href=""https://www.omim.org/entry/608629"">608629</a>",neurodevelopmental,AR,4,
AIPL1,"Leber congenital amaurosis, type 4","<a href=""https://www.omim.org/entry/604393"">604393</a>",ocular,AR,5,
AIRE,"Autoinmune polyendocrinopathy syndrome, type I, with or without reversible mataphyseal dysplasia","<a href=""https://www.omim.org/entry/240300"">240300</a>","hematological, immunological and lymphatic",AD,2,
ALMS1,Alstrom syndrome,"<a href=""https://www.omim.org/entry/203800"">203800</a>",endocrine,AR,10,
ALMS1,Retinitis pigmentosa,"<p>Aldrees et al., 2019</p>",ocular,AR,1,
ALPK1,ROSAH syndrome,"<a href=""https://www.omim.org/entry/614979"">614979</a>","hematological, immunological and lymphatic",AD,2,
ANK3,"Inetellectual developmental disorder, type 37","<a href=""https://www.omim.org/entry/615493"">615493</a>",neurodevelopmental,AR,1,
ANOSMIN1,"Hypogonadotropic hypogonadism with or without anosmia (Kallmann syndrome, type 1)","<a href=""https://www.omim.org/entry/308700"">308700</a>",renal and genitourinary,XL,1,
ANTXR2,Hyaline fibromatosis syndrome,"<a href=""https://www.omim.org/entry/228600"">228600</a>",connective tissue,AR,1,
APC,"Familial adenomatous polyposis, type 1","<a href=""https://www.omim.org/entry/175100"">175100</a>",cancer,AD,4,
APP,Cerebral amyloid angiopathy,"<a href=""https://www.omim.org/entry/605714"">605714</a>",neurological,AD,1,
AR,Spinal and bulbar muscular atrophy,"<a href=""https://www.omim.org/entry/313200"">313200</a>",neurological,XL,1,
AR,Androgen insensitivity,"<a href=""https://www.omim.org/entry/300068"">300068</a>",renal and genitourinary,XL,1,
ARG1,Argininemia,"<a href=""https://www.omim.org/entry/207800"">207800</a>",metabolic,AR,1,
ARID1A,"Coffin-Siris syndrome, type 2","<a href=""https://www.omim.org/entry/614607"">614607</a>",neurodevelopmental,AD,1,
ARID1B,"Coffin-Siris syndrome, type 1","<a href=""https://www.omim.org/entry/135900"">135900</a>",neurodevelopmental,AD,1,
ARL3,Cone-rod dystrophy,"<p>Sheik et al., 2019</p>",ocular,AR,1,
ARL6,"Retinitis pigmentosa, type 55","<a href=""https://www.omim.org/entry/613575"">613575</a>",ocular,AR,2,
ARL6,"Bardet-Biedl syndrome, type 3","<a href=""https://www.omim.org/entry/600151"">600151</a>",endocrine,AR,3,
ARL6,Cone-rod dystrophy,"<p>Zahid, S. et al. 2018. </p>",ocular,AR,1,
ARMC9,"Joubert syndrome, type 30","<a href=""https://www.omim.org/entry/617622"">617622</a>",neurodevelopmental,AR,1,
ASH1L,"Intellectual developmental disorder, type 52","<a href=""https://www.omim.org/entry/617796"">617796</a>",neurodevelopmental,AD,1,
ASXL1,Bohring-Opitz syndrome,"<a href=""https://www.omim.org/entry/605039"">605039</a>",neurodevelopmental,AD,1,Dra. Elizabeth Ramos Raudry (1 case)  poetas.odry@hotmail.com
ASXL3,Bainbridge-Ropers syndrome,"<a href=""https://www.omim.org/entry/615485"">615485</a>",neurodevelopmental,AD,1,
ATM,"Breast cancer, susceptibility to}","<a href=""https://www.omim.org/entry/114480"">114480</a>",cancer,AD,3,
ATP1A3,CAPOS syndrome,"<a href=""https://www.omim.org/entry/601338"">601338</a>",neurological,AD,1,
ATP1A3,"Alternating hemiplegia of childhood, type 2","<a href=""https://www.omim.org/entry/614820"">614820</a>",neurological,AD,1,
ATP2A2,Darier disease,"<a href=""https://www.omim.org/entry/124200"">124200</a>",dermatological,AD,1,
ATP2C1,Hailey-Hailey disease,"<a href=""https://www.omim.org/entry/169600"">169600</a>",dermatological,AD,2,
ATP7A,Menkes disease,"<a href=""https://www.omim.org/entry/309400"">309400</a>",neurological,XL,3,
ATXN2,"Spinocerebellar ataxia, type 2","<a href=""https://www.omim.org/entry/183090"">183090</a>",neurological,AD,2,
ATXN3,Machado-Joseph disease,"<a href=""https://www.omim.org/entry/109150"">109150</a>",neurological,AD,1,
AVPR2,"Diabetes insipidus, nephrogenic, type 1","<a href=""https://www.omim.org/entry/304800"">304800</a>",renal and genitourinary,XL,1,
BBS1,"Bardet-Biedl syndrome, type 1","<a href=""https://www.omim.org/entry/209900"">209900</a>",endocrine,AR,1,
BBS10,"Bardet-Biedl syndrome, type 10","<a href=""https://www.omim.org/entry/615987"">615987</a>",endocrine,AR,3,
BBS5,"Bardet-Biedl syndrome, type 5","<a href=""https://www.omim.org/entry/615983"">615983</a>",endocrine,AR,1,
BBS7,"Bardet-Biedl syndrome, type 7","<a href=""https://www.omim.org/entry/615984"">615984</a>",endocrine,AR,1,
BBS9,"Bardet-Biedl syndrome, type 9","<a href=""https://www.omim.org/entry/615986"">615986</a>",endocrine,AR,2,
BCL11B,"Intellectual developmental disorder with dysmorphic facies, speech delay, and T-cell abnormalities","<a href=""https://www.omim.org/entry/618092"">618092</a>",neurodevelopmental,AD,1,
BCOR,"Microphthalmia syndromic, type 2","<a href=""https://www.omim.org/entry/300166"">300166</a>",ocular,XL,2,
BEST1,"Macular dystrophy, vitelliform, type 2","<a href=""https://www.omim.org/entry/153700"">153700</a>",ocular,AD,41,
BEST1,"Retinitis pigmentosa, type 50","<a href=""https://www.omim.org/entry/613194"">613194</a>",ocular,AD,1,
BEST1,Vitreoretinochoroidopathy,"<a href=""https://www.omim.org/entry/193220"">193220</a>",ocular,AD,3,
BEST1,Bestrophinopathy,"<a href=""https://www.omim.org/entry/611809"">611809</a>",ocular,AR,2,
BLM,Bloom syndrome,"<a href=""https://www.omim.org/entry/210900"">210900</a>",dermatological,AR,2,
BRCA1,"Breast-ovarian cancer, familial, type 1","<a href=""https://www.omim.org/entry/604370"">604370</a>",cancer,AD,4,
BRCA2,"{Breast-ovarian cancer, familial, type 2}","<a href=""https://www.omim.org/entry/612555"">612555</a>",cancer,AD,7,Dra. Elizabeth Ramos Raudry (2 cases)  poetas.odry@hotmail.com
BRIP1,"Breast cancer, early onset, susceptibility","<a href=""https://www.omim.org/entry/114480"">114480</a>",cancer,AD,2,
BTD,Biotinidase deficiency,"<a href=""https://www.omim.org/entry/253260"">253260</a>",metabolic,AR,1,
BTK,"Agammaglobulinemia, type 1","<a href=""https://www.omim.org/entry/300755"">300755</a>","hematological, immunological and lymphatic",XL,2,
CABP4,"Cone-rod synaptic disorder, congenital nonprogressive","<a href=""https://www.omim.org/entry/610427"">610427</a>",ocular,AR,1,
CACNA1A,"Migraine, familial hemiplegic, type 1, with progressive cerebellar ataxia","<a href=""https://www.omim.org/entry/141500"">141500</a>",neurological,AD,4,
CACNA1A,"Spinocerebellar ataxia, type 6","<a href=""https://www.omim.org/entry/183086"">183086</a>",neurological,AD,1,
CACNA1C,"Neurodevelopmental disorder with hypotonia, language delay, and skeletal defects with or without seizures","<a href=""https://www.omim.org/entry/62009"">62009</a>",neurodevelopmental,AD,2,
CACNA1F,"Cone-rod dystrophy, type 3","<a href=""https://www.omim.org/entry/300476"">300476</a>",ocular,XL,3,
CACNA1F,"Night blindness, congenital stationary (incomplete), type 2A","<a href=""https://www.omim.org/entry/300071"">300071</a>",ocular,XL,1,
CACNA1F,Aland Island eye disease,"<a href=""https://www.omim.org/entry/300600"">300600</a>",ocular,XL,6,
CAPN5,"Vitreoretinopathy, neovascular inflammatory","<a href=""https://www.omim.org/entry/193235"">193235</a>",ocular,AD,1,
CAPN3,"Muscular dystrophy, limb-girdle, type 1","<a href=""https://www.omim.org/entry/253600"">253600</a>",muscular,AR,1,
CASP10,"Autoimmune lymphoproliferative syndrome, type II","<a href=""https://www.omim.org/entry/603909"">603909</a>","hematological, immunological and lymphatic",AD,1,
CD46,"{Hemolytic uremic syndrome, atypical, susceptibility to, type 2}","<a href=""https://www.omim.org/entry/612922"">612922</a>",renal and genitourinary,AD,1,
CDC42BPB,Chilton-Okur-Chung neurodevelopmental syndrome,"<a href=""https://www.omim.org/entry/619841"">619841</a>",neurodevelopmental,AD,1,
CDH23,"Usher syndrome, type ID/F","<a href=""https://www.omim.org/entry/601067"">601067</a>",ocular,AR,6,
CDH3,"Ectodermal dysplasia, ectrodactyly, and macular dystrophy","<a href=""https://www.omim.org/entry/225280"">225280</a>",dermatological,AR,2,
CDHR1,"Retinitis pigmentosa, type 65","<a href=""https://www.omim.org/entry/613660"">613660</a>",ocular,AR,2,
CDHR1,"Cone-rod dystrophy, type 15","<a href=""https://www.omim.org/entry/613660"">613660</a>",ocular,AR,1,
CDHR1,"Retinitis pigmentosa, type 65","<a href=""https://www.omim.org/entry/613660"">613660</a>",ocular,AR,1,
CDKL5,"Developmental and epileptic encephalopathy, type 2","<a href=""https://www.omim.org/entry/300672"">300672</a>",neurodevelopmental,AD,1,
CDKN2A,{Melanoma-pancreatic cancer syndrome},"<a href=""https://www.omim.org/entry/606719"">606719</a>",cancer,AD,2,
CDKN2A,"{Melanoma, cutaneous malignant, type 2}","<a href=""https://www.omim.org/entry/155601"">155601</a>",cancer,AD,6,
CELF2,"Developmental and epileptic encephalopathy, type 97","<a href=""https://www.omim.org/entry/619561"">619561</a>",neurodevelopmental,AD,1,
CELSR1,"Lymphatic malformation, type 9","<a href=""https://www.omim.org/entry/619319"">619319</a>","hematological, immunological and lymphatic",AD,1,
CENPJ,"Microcephaly, type 6, primary","<a href=""https://www.omim.org/entry/608393"">608393</a>",neurodevelopmental,AR,1,
CEP152,Seckel syndrome 5,"<a href=""https://www.omim.org/entry/613823"">613823</a>",neurodevelopmental,AR,1,
CEP250,Retinitis pigmentosa,"<p>Huang et al., 2019</p>",ocular,AR,1,
CEP290,Retnitis pigmentosa,"<p>Testa et al., 2021</p>",ocular,AR,3,
CEP290,"Leber congenital amaurosis, type 10","<a href=""https://www.omim.org/entry/611755"">611755</a>",ocular,AR,4,
CEP290,"Joubert syndrome, type 5","<a href=""https://www.omim.org/entry/610188"">610188</a>",ocular,AR,1,
CEP78,Cone-rod dystrophy and hearing loss,"<a href=""https://www.omim.org/entry/617236"">617236</a>",ocular,AR,1,
CERKL,"Retinitis pigmentosa, type 26","<a href=""https://www.omim.org/entry/608380"">608380</a>",ocular,AR,15,
CFAP418,"Retinitis pigmentosa, type 64","<a href=""https://www.omim.org/entry/614500"">614500</a>",ocular,AR,1,
CHD3,Snijders Blok-Campeau syndrome,"<a href=""https://www.omim.org/entry/618205"">618205</a>",neurodevelopmental,AD,2,
CHD7,CHARGE syndrome,"<a href=""https://www.omim.org/entry/214800"">214800</a>",ocular,AD,9,Dra. Elizabeth Ramos Raudry (1 case)  poetas.odry@hotmail.com
CHD8,Intellectual developmental disorder with autism and macrocephaly,"<a href=""https://www.omim.org/entry/615032"">615032</a>",neurodevelopmental,AD,1,
CHEK2,"Tumor predisposition syndrome 4, breast/prostate/colorectal","<a href=""https://www.omim.org/entry/609265"">609265</a>",cancer,AD,1,Dra. Elizabeth Ramos Raudry (1 case)  poetas.odry@hotmail.com
CHN1,"Duane retraction syndrome, type 2","<a href=""https://www.omim.org/entry/604356"">604356</a>",ocular,AD,1,
CHM,Choroideremia,"<a href=""https://www.omim.org/entry/303100"">303100</a>",ocular,XL,40,
CHRDL1,"Megalocornea, X-linked","<a href=""https://www.omim.org/entry/309300"">309300</a>",ocular,XL,1,
CHST6,Macular corneal dystrophy,"<a href=""https://www.omim.org/entry/217800"">217800</a>",ocular,AR,2,
CILK1,"Epilepsy, juvenile myoclonic, susceptibility to, 10","<a href=""https://www.omim.org/entry/617924"">617924</a>",neurodevelopmental,AD,1,
CLCN4,Raynaud-Claes syndrome,"<a href=""https://www.omim.org/entry/300114"">300114</a>",neurodevelopmental,XL,1,
CLCNKB,"Bartter syndrome, type 3","<a href=""https://www.omim.org/entry/607364"">607364</a>",renal and genitourinary,AR,1,
CLN3,"Ceroid lipofuscinosis, neuronal, type 3","<a href=""https://www.omim.org/entry/204200"">204200</a>",neurological,AR,2,
CLN3,Retinitis pigmentosa,"<p>Wang et al., 2014</p>",ocular,AR,10,
CLRN1,"Usher syndrome, type 3A","<a href=""https://www.omim.org/entry/276902"">276902</a>",ocular,AR,1,
CLRN1,"Retinitis pigmentosa, type 61","<a href=""https://www.omim.org/entry/614180"">614180</a>",ocular,AR,1,
CNGA3,"Achromatopsia, type 2","<a href=""https://www.omim.org/entry/216900"">216900</a>",ocular,AR,4,
CNGB1,"Retinitis pigmentosa, type 45","<a href=""https://www.omim.org/entry/613767"">613767</a>",ocular,AR,2,
CNGB3,"Achromatopsia, type 3","<a href=""https://www.omim.org/entry/262300"">262300</a>",ocular,AR,4,
CNNM4,Jalili syndrome,"<a href=""https://www.omim.org/entry/217080"">217080</a>",ocular,AR,5,
CNTNAP1,"Hypomyelinating neuropathy, congenital, type 3","<a href=""https://www.omim.org/entry/618186"">618186</a>",neurological,AR,1,
COL11A1,"Stickler syndrome, type II","<a href=""https://www.omim.org/entry/604841"">604841</a>",connective tissue,AD,2,
COL18A1,"Knobloch syndrome, type 1","<a href=""https://www.omim.org/entry/267750"">267750</a>",ocular,AR,2,
COL1A2,"Osteogenesis imperfecta, type II","<a href=""https://www.omim.org/entry/166210"">166210</a>",skeletal,AD,1,
COL2A1,"Stickler syndrome, Type I","<a href=""https://www.omim.org/entry/108300"">108300</a>",connective tissue,AD,5,
COL2A1,"Stickler syndrome, nonsyndromic ocular","<a href=""https://www.omim.org/entry/609508"">609508</a>",connective tissue,AD,15,
COL4A1,Brain small vessel disease 1 with or without ocular anomalies,"<a href=""https://www.omim.org/entry/175780"">175780</a>",neurological,AD,3,
COL4A1,"?Retinal arteries, tortuosity of","<a href=""https://www.omim.org/entry/180000"">180000</a>",ocular,AD,1,
COL4A1,COL4A1-Related Disorders,<p>Plaisier et al. 2016</p>,cerebrovascular,AD,1,
COL4A3,"Alport syndrome, type 3A","<a href=""https://www.omim.org/entry/104200"">104200</a>",renal and genitourinary,AD,4,
COL4A4,"Alport syndrome, type 2","<a href=""https://www.omim.org/entry/203780"">203780</a>",renal and genitourinary,AR,1,
COL5A1,"Ehlers-Danlos syndrome, classic type 1","<a href=""https://www.omim.org/entry/130000"">130000</a>",connective tissue,AD,1,
COL5A2,"Ehlers-Danlos syndrome, classic type 2","<a href=""https://www.omim.org/entry/130010"">130010</a>",connective tissue,AD,1,
COL6A1,Ullrich muscular dystrophy,"<a href=""https://www.omim.org/entry/254090"">254090</a>",muscular,AD,1,
COL6A1,"Bethlem myopathy, type 1A","<a href=""https://www.omim.org/entry/158810"">158810</a>",muscular,AD,3,
COL8A2,"Corneal dystrophy, Fuchs endothelial type 1","<a href=""https://www.omim.org/entry/136800"">136800</a>",ocular,AD,1,
COLQ,"Myasthenic syndrome, congenital, type 5","<a href=""https://www.omim.org/entry/603034"">603034</a>",neurological,AR,1,
COQ4,"Coenzyme Q10 deficiency, primary, type 7","<a href=""https://www.omim.org/entry/616276"">616276</a>",neurological,AR,2,
CP,Aceruloplasminemia,"<a href=""https://www.omim.org/entry/604290"">604290</a>",neurological,AR,1,
CPAMD8,"Anterior segment dysgenesis, type 8","<a href=""https://www.omim.org/entry/617319"">617319</a>",ocular,AR,2,
CRB1,"Retinitis pigmentosa, nanophthalmos","<p>Zenteno et al., 2011</p>",ocular,AR,8,
CRB1,"Leber congenital amaurosis, type 8","<a href=""https://www.omim.org/entry/613835"">613835</a>",ocular,AR,17,
CRB1,"Retinitis pigmentosa, type 12","<a href=""https://www.omim.org/entry/600105"">600105</a>",ocular,AR,14,
CREBBP,"Rubinstein-Taybi syndrome, type 1","<a href=""https://www.omim.org/entry/180849"">180849</a>",neurodevelopmental,AD,1,
CRX,Cone-rod dystrophy. type 2,"<a href=""https://www.omim.org/entry/120970"">120970</a>",ocular,AD,7,
CRYAA,"Cataract, congenital, type 9","<a href=""https://www.omim.org/entry/604219"">604219</a>",ocular,AD,3,
CRYBB2,"Cataract, congenital, type 3","<a href=""https://www.omim.org/entry/601547"">601547</a>",ocular,AD,2,
CRYGA,"Cataract, congenital","<p>Astiazarán et al., 2018</p>",ocular,AD,3,
CRYGC,"Cataract, congenital, type 2","<a href=""https://www.omim.org/entry/604307"">604307</a>",ocular,AD,2,
CRYGD,"Cataract, congenital, type 4","<a href=""https://www.omim.org/entry/115700"">115700</a>",ocular,AD,2,
CSF1R,"Leukoencephalopathy, diffuse hereditary, with spheroids","<a href=""https://www.omim.org/entry/221820"">221820</a>",neurological,AD,1,
CSNK2A1,Okur-Chung neurodevelopmental syndrome,"<a href=""https://www.omim.org/entry/617062"">617062</a>",neurodevelopmental,AD,2,
CTSK,Pycnodysostosis,"<a href=""https://www.omim.org/entry/265800"">265800</a>",skeletal,AR,1,
CYB5R3,"Methemoglobinemia, type I","<a href=""https://www.omim.org/entry/250800"">250800</a>","hematological, immunological and lymphatic",AR,3,
CYP1B1,"Glaucoma, type 3A, primary open angle, congenital, juvenile or adult onset","<a href=""https://www.omim.org/entry/231300"">231300</a>",ocular,AR,26,
CYP1B1,"Anterior segment dysgenesis, type 6","<a href=""https://www.omim.org/entry/617315"">617315</a>",ocular,AR,3,
CYP21A2,"Adrenal hyperplasia, congenital, due to 21-hydroxylase deficiency","<a href=""https://www.omim.org/entry/201910"">201910</a>",metabolic,AR,2,
CYP2UI,"Spastic paraplegia, type 56","<a href=""https://www.omim.org/entry/615030"">615030</a>",neurological,AR,1,
CYP4V2,Bietti crystalline corneoretinal dystrophy,"<a href=""https://www.omim.org/entry/210370"">210370</a>",ocular,AR,1,
DGUOK,"Progressive external ophthalmoplegia with mitochondrial DNA deletions, autosomal recessive, type 4","<a href=""https://www.omim.org/entry/617070"">617070</a>",neurological,AR,1,
DHTKD1,"?Charcot-Marie-Tooth disease, axonal, type 2Q","<a href=""https://www.omim.org/entry/615025"">615025</a>",neurological,AD,1,
DLG3,"Intellectual developmental disorder, type 90","<a href=""https://www.omim.org/entry/300850"">300850</a>",neurodevelopmental,XL,1,
DLL3,"Spondylocostal dysostosis, type 1","<a href=""https://www.omim.org/entry/277300"">277300</a>",skeletal,AR,1,
DMD,Duchenne muscular dystrophy,"<a href=""https://www.omim.org/entry/310200"">310200</a>",muscular,XL,3,
DMPK,"Myotonic dystrophy, type 1","<a href=""https://www.omim.org/entry/160900"">160900</a>",neurological,AD,11,
DNAH5,"Ciliary dyskinesia, primary, type 3, with or without situs inversus","<a href=""https://www.omim.org/entry/608644"">608644</a>",cardiovascular,AR,2,
DNAJB2,"Neuronopathy, distal hereditary motor, type 5","<a href=""https://www.omim.org/entry/614881"">614881</a>",neurological,AR,1,
DNMT3A,Tatton-Brown-Rahman syndrome,"<a href=""https://www.omim.org/entry/615879"">615879</a>",neurodevelopmental,AD,2,Dra. Elizabeth Ramos Raudry (1 case)  poetas.odry@hotmail.com
DOCK8,"Hyper-IgE syndrome, type 2","<a href=""https://www.omim.org/entry/243700"">243700</a>","hematological, immunological and lymphatic",AR,1,
DRAM2,"Cone-rod dystrophy, type 21","<a href=""https://www.omim.org/entry/616502"">616502</a>",ocular,AR,3,
DSG2,"Arrhythmogenic right ventricular dysplasia, type 10","<a href=""https://www.omim.org/entry/610193"">610193</a>",cardiovascular,AD,2,
DSP,"Arrhythmogenic right ventricular dysplasia, type 8","<a href=""https://www.omim.org/entry/607450"">607450</a>",cardiovascular,AD,2,
DYNC1I2,Neurodevelopmental disorder with microcephaly and structural brain anomalies,"<a href=""https://www.omim.org/entry/618492"">618492</a>",neurodevelopmental,AR,1,
DYSF,"Muscular dystrophy, limb-girdle, type 2","<a href=""https://www.omim.org/entry/253601"">253601</a>",muscular,AR,1,
EBP,Chondrodysplasia punctata,"<a href=""https://www.omim.org/entry/302960"">302960</a>",skeletal,XL,2,
EEF1A2,"Developmental and epileptic encephalopathy, type 33","<a href=""https://www.omim.org/entry/616409"">616409</a>",neurodevelopmental,AD,1,
EFEMP1,Doyne Honeycomb retinal dystrophy,"<a href=""https://www.omim.org/entry/126600"">126600</a>",ocular,AD,14,
EFNB1,Craniofrontonasal dysplasia,"<a href=""https://www.omim.org/entry/304110"">304110</a>",skeletal,XL,5,
EFTUD2,"Mandibulofacial dysostosis, Guion-Almeida type","<a href=""https://www.omim.org/entry/610536"">610536</a>",skeletal,AD,1,
EHMT1,"Kleefstra syndrome, type 1","<a href=""https://www.omim.org/entry/610253"">610253</a>",neurodevelopmental,AD,2,
ELOVL5,"Spinocerebellar ataxia, type 38","<a href=""https://www.omim.org/entry/615957"">615957</a>",neurological,AD,1,
EPHA2,"Cataract, congenital, type 6","<a href=""https://www.omim.org/entry/116600"">116600</a>",ocular,AD,4,
EYA1,"Branchiootorenal syndrome, type 1, with or without cataracts","<a href=""https://www.omim.org/entry/113650"">113650</a>",renal and genitourinary,AD,1,
EYS,"Retinitis pigmentosa, type 25","<a href=""https://www.omim.org/entry/602772"">602772</a>",ocular,AR,25,
FA2H,"Spastic paraplegia, type 35","<a href=""https://www.omim.org/entry/612319"">612319</a>",neurological,AR,1,
FAM111B,"Poikiloderma, hereditary fibrosing, with tendon contractures, myopathy, and pulmonary fibrosis","<a href=""https://www.omim.org/entry/615704"">615704</a>",dermatological,AD,2,
FAM161A,"Retinitis pigmentosa, type 28","<a href=""https://www.omim.org/entry/606068"">606068</a>",ocular,AR,5,
FANCA,"Fanconi anemia, complementation group A","<a href=""https://www.omim.org/entry/227650"">227650</a>","hematological, immunological and lymphatic",AR,1,
FBLN5,"Macular degeneration, age-related, type 3","<a href=""https://www.omim.org/entry/608895"">608895</a>",ocular,AD,1,
FBN1,"Ectopia lentis, familial","<a href=""https://www.omim.org/entry/129600"">129600</a>",ocular,AD,11,
FBN1,"Weill-Marchesani syndrome, type 2","<a href=""https://www.omim.org/entry/608328"">608328</a>",skeletal,AD,1,
FBN1,Marfan syndrome,"<a href=""https://www.omim.org/entry/154700"">154700</a>",connective tissue,AD,18,
FBP1,"Fructose-1,6-bisphosphatase deficiency","<a href=""https://www.omim.org/entry/229700"">229700</a>",metabolic,AR,2,
FDXR,"Multiple mitochondrial dysfunctions syndrome, type 9B","<a href=""https://www.omim.org/entry/620887"">620887</a>",neurodevelopmental,AR,1,
FGFR1,"Encephalocraniocutaneous lipomatosis, somatic mosaic","<a href=""https://www.omim.org/entry/613001"">613001</a>",dermatological,AD (somatic),1,
FGFR2,Apert syndrome,"<a href=""https://www.omim.org/entry/101200"">101200</a>",skeletal,AD,1,
FGFR2,Crouzon Syndrome,"<a href=""https://www.omim.org/entry/123500"">123500</a>",skeletal,AD,6,
FGFR2,Saethre-Chotzen syndrome,"<a href=""https://www.omim.org/entry/101400"">101400</a>",skeletal,AD,1,
FGFR3,Hypochondroplasia,"<a href=""https://www.omim.org/entry/146000"">146000</a>",skeletal,AD,2,
FGF10,"LADD syndrome, type 3","<a href=""https://www.omim.org/entry/620193"">620193</a>",ocular,AD,1,
FKRP,"Muscular dystrophy-dystroglycanopathy (congenital with or without impaired intellectual development), type B, 5","<a href=""https://www.omim.org/entry/606612"">606612</a>",neurodevelopmental,AR,1,
FKTN,"Muscular dystrophy-dystroglycanopathy (congenital with brain and eye anomalies), type A, 4","<a href=""https://www.omim.org/entry/253800"">253800</a>",muscular,AR,1,
FLNA,"Otopalatodigital syndrome, type I","<a href=""https://www.omim.org/entry/311300"">311300</a>",skeletal,XL,1,
FOXC1,"Anterior segment dysgenesis, type 3","<a href=""https://www.omim.org/entry/601631"">601631</a>",ocular,AD,10,
FOXC1,"Axenfeld-Rieger syndrome, type 3","<a href=""https://www.omim.org/entry/602482"">602482</a>",ocular,AD,17,
FOXC1,De Hauwere Syndrome,"<p>Reis et al., 2023</p>",cardiovascular,AD,1,
FOXE3,"Anterior segment dysgenesis, type 2","<a href=""https://www.omim.org/entry/610256"">610256</a>",ocular,AR,21,
FOXG1,"Rett syndrome, congenital variant","<a href=""https://www.omim.org/entry/613454"">613454</a>",neurodevelopmental,AD,2,
FOXL2,"Blepharophimosis, epicanthus inversus, and ptosis, types 1 and 2","<a href=""https://www.omim.org/entry/110100"">110100</a>",ocular,AD,24,
FOXP1,Intellectual developmental disorder with language impairment with or without autistic features,"<a href=""https://www.omim.org/entry/613670"">613670</a>",neurodevelopmental,AD,1,
FREM1,Manitoba oculotrichoanal syndrome,"<a href=""https://www.omim.org/entry/248450"">248450</a>",ocular,AR,1,
FTL,Hyperferritinemia-cataract syndrome,"<a href=""https://www.omim.org/entry/600886"">600886</a>","hematological, immunological and lymphatic",AD,2,
FXN,Friedreich ataxia,"<a href=""https://www.omim.org/entry/229300"">229300</a>",neurological,AR,2,Dra. Elizabeth Ramos Raudry (1 case)  poetas.odry@hotmail.com
FZD4,"Exudative vitreoretinopathy, type 1","<a href=""https://www.omim.org/entry/133780"">133780</a>",ocular,AD,1,
G6PD,"Anemia, congenital, nonspherocytic hemolytic, type 1, G6PD deficient","<a href=""https://www.omim.org/entry/300908"">300908</a>","hematological, immunological and lymphatic",XL,4,
GABBR2,"Developmental and epileptic encephalopathy, type 59","<a href=""https://www.omim.org/entry/617904"">617904</a>",neurodevelopmental,AD,1,
GABRA2,"Developmental and epileptic encephalopathy, type 78","<a href=""https://www.omim.org/entry/618557"">618557</a>",neurodevelopmental,AD,1,
GALC,Krabbe disease,"<a href=""https://www.omim.org/entry/245200"">245200</a>",neurodevelopmental,AR,2,
GALK1,Galactokinase deficiency,"<a href=""https://www.omim.org/entry/230200"">230200</a>",metabolic,AR,4,
GALNS,"Mucopolysaccharidosis, type IVA","<a href=""https://www.omim.org/entry/253000"">253000</a>",metabolic,AR,1,
GAN,Giant axonal neuropathy-1,"<a href=""https://www.omim.org/entry/256850"">256850</a>",neurological,AR,1,
GANAB,"Polycystic kidney disease, type 3","<a href=""https://www.omim.org/entry/600666"">600666</a>",renal and genitourinary,AD,1,
GBA,"Parkinson disease, late-onset, susceptibility to","<a href=""https://www.omim.org/entry/168600"">168600</a>",neurological,AD,1,
GBA,"Gaucher disease, type I","<a href=""https://www.omim.org/entry/230800"">230800</a>","hematological, immunological and lymphatic",AR,1,
GBF1,"Charcot-Marie-Tooth disease, axonal, type 2GG","<a href=""https://www.omim.org/entry/606483"">606483</a>",neurological,AD,2,
GCDH,"Glutaric aciduria, type I","<a href=""https://www.omim.org/entry/231670"">231670</a>",metabolic,AR,5,
GCK,"MODY, type II","<a href=""https://www.omim.org/entry/125851"">125851</a>",metabolic,AD,3,
GDAP1,"Charcot-Marie-Tooth disease, axonal, type 2K","<a href=""https://www.omim.org/entry/607831"">607831</a>",neurological,AD,1,
GDF6,"Microphthalmia isolated, type 4","<a href=""https://www.omim.org/entry/613094"">613094</a>",ocular,AD,4,
GFAP,Alexander disease,"<a href=""https://www.omim.org/entry/203450"">203450</a>",neurological,AD,1,
GJA1 ,Oculodentodigtal dysplasia,"<a href=""https://www.omim.org/entry/164200"">164200</a>",ocular,AD,4,
GJA3,"Cataract, congenital, type 14","<a href=""https://www.omim.org/entry/601885"">601885</a>",ocular,AD,1,
GJA8,"Cataract, congenital, type 1","<a href=""https://www.omim.org/entry/116200"">116200</a>",ocular,AD,2,
GJB2,Keratitis-ichthyosis-deafness syndrome,"<a href=""https://www.omim.org/entry/148210"">148210</a>",dermatological,AD,2,
GMPPA,"Alacrima, Achalasia, and impaired intellectual development syndrome","<a href=""https://www.omim.org/entry/615510"">615510</a>",neurodevelopmental,AR,2,
GNAL,"Dystonia, type 25","<a href=""https://www.omim.org/entry/615073"">615073</a>",neurological,AD,2,
GNAS,"McCune-Albright syndrome, somatic mosaic","<a href=""https://www.omim.org/entry/174800"">174800</a>",endocrine,AD (somatic),1,
GNAT1,"Night blindness, congenital stationary, type 1G","<a href=""https://www.omim.org/entry/616389"">616389</a>",ocular,AR,2,
GNB1,"Intellectual developmental disorder, type 42","<a href=""https://www.omim.org/entry/616973"">616973</a>",neurodevelopmental,AD,1,
GPR143,"Ocular albinism, type I","<a href=""https://www.omim.org/entry/300500"">300500</a>",ocular,XL,6,
GPR179,"Night blindness, congenital stationary (complete), type 1E","<a href=""https://www.omim.org/entry/614565"">614565</a>",ocular,AR,1,
GRHPR,"Hyperoxaluria, primary, type II","<a href=""https://www.omim.org/entry/260000"">260000</a>",renal and genitourinary,AR,1,
GRIA2,Neurodevelopmental disorder with language impairment and behavioral abnormalities,"<a href=""https://www.omim.org/entry/618917"">618917</a>",neurodevelopmental,AD,2,
GSDME,"Deafness, type 5","<a href=""https://www.omim.org/entry/600994"">600994</a>",neurological,AD,1,
GSN,"Amyloidosis, Finnish type","<a href=""https://www.omim.org/entry/105120"">105120</a>",ocular,AD,3,
GUCA1A,"Cone-rod dystrophy, type 14","<a href=""https://www.omim.org/entry/602093"">602093</a>",ocular,AD,3,
GUCA1B,"Retinitis pigmentosa, type 48","<a href=""https://www.omim.org/entry/613827"">613827</a>",ocular,AD,1,
GUCY2D,"Leber congenital amaurosis, type 1","<a href=""https://www.omim.org/entry/204000"">204000</a>",ocular,AR,19,
GUCY2D,"Cone-rod dystrophy, type 6","<a href=""https://www.omim.org/entry/601777"">601777</a>",ocular,AD,9,
GZF1,"Joint laxity, short stature, and myopia","<a href=""https://www.omim.org/entry/617662"">617662</a>",connective tissue,AR,6,
HBA1,"Erythrocytosis, familial, type 7","<a href=""https://www.omim.org/entry/617981"">617981</a>","hematological, immunological and lymphatic",AD,1,
HBA2,"Erythrocytosis, familial, type 7","<a href=""https://www.omim.org/entry/617981"">617981</a>","hematological, immunological and lymphatic",AD,1,
HBA2,"Thalassemia, alpha-","<a href=""https://www.omim.org/entry/604131"">604131</a>","hematological, immunological and lymphatic",AR,2,
HEXA,Tay-Sachs disease,"<a href=""https://www.omim.org/entry/272800"">272800</a>",neurodevelopmental,AR,1,
HFE,"Hemochromatosis, type 1","<a href=""https://www.omim.org/entry/235200"">235200</a>","hematological, immunological and lymphatic",AR,1,
HGSNAT,"Retinitis pigmentosa, type 73","<a href=""https://www.omim.org/entry/616544"">616544</a>",ocular,AR,1,
HGSNAT,Mucopolysaccharidosis type IIIC (Sanfilippo C),"<a href=""https://www.omim.org/entry/252930"">252930</a>",neurodevelopmental,AR,3,
HMBS,"Porphyria, acute intermittent","<a href=""https://www.omim.org/entry/176000"">176000</a>","hematological, immunological and lymphatic",AD,1,
HMCN1,"Macular degeneration, age-related, type 1","<a href=""https://www.omim.org/entry/603075"">603075</a>",ocular,AD,1,
HNF1A,"MODY, type III","<a href=""https://www.omim.org/entry/600496"">600496</a>",endocrine,AD,3,
HNRNPH2,"Intellectual developmental disorder, Bain type","<a href=""https://www.omim.org/entry/300986"">300986</a>",neurodevelopmental,XL,1,
HTT,Huntington disease,"<a href=""https://www.omim.org/entry/143100"">143100</a>",neurological,AD,2,Dra. Elizabeth Ramos Raudry (1 case)  poetas.odry@hotmail.com
IARS2,"Cataracs, growth hormone deficiency, sensory neuropathy, sensoryneural hearing loss, and skeletal dysplasia","<a href=""https://www.omim.org/entry/616007"">616007</a>",neurodevelopmental,AR,1,
IDH3B,"Retinitis pigmentosa, type 46","<a href=""https://www.omim.org/entry/612572"">612572</a>",ocular,AR,1,
IFT140,"Retinitis pigmentosa, type 80","<a href=""https://www.omim.org/entry/617781"">617781</a>",ocular,AR,8,
IMPG1,"Retinitis pigmentosa, type 91","<a href=""https://www.omim.org/entry/153870"">153870</a>",ocular,AD,4,
IMPG2,"Retinitis pigmentosa, type 56","<a href=""https://www.omim.org/entry/613581"">613581</a>",ocular,AR,4,
IMPG2,"Macular dystrophy, vitelliform, 5","<a href=""https://www.omim.org/entry/616152"">616152</a>",ocular,AD,9,
IRF2BPL,"Neurodevelopmental disorder with regression, abnormal movements, loss of speech, and seizures","<a href=""https://www.omim.org/entry/618088"">618088</a>",neurodevelopmental,AD,1,
JAG1,"Alagille syndrome, type 1","<a href=""https://www.omim.org/entry/118450"">118450</a>",ocular,AD,4,
KCNB1,"Developmental and epileptic encephalopathy, type 26","<a href=""https://www.omim.org/entry/616056"">616056</a>",neurodevelopmental,AD,1,
KCNC2,"Developmental and epileptic encephalopathy, type 103","<a href=""https://www.omim.org/entry/619913"">619913</a>",neurodevelopmental,AD,1,
KCND3,"Spinocerebellar ataxia, type 19","<a href=""https://www.omim.org/entry/607346"">607346</a>",neurodevelopmental,AD,1,
KCNH2,"Long QT syndrome, type 2","<a href=""https://www.omim.org/entry/613688"">613688</a>",cardiovascular,AD,4,
KCNH2,"Short QT syndrome, type 1","<a href=""https://www.omim.org/entry/609620"">609620</a>",cardiovascular,AD,1,
KCNJ11,"Hyperinsulinemic hypoglycemia, familial, type 2","<a href=""https://www.omim.org/entry/601820"">601820</a>",endocrine,AD,1,
KCNJ2,Andersen cardiodysrhythmic periodic paralysis,"<a href=""https://www.omim.org/entry/170390"">170390</a>",cardiovascular,AD,1,
KCNQ1,"Long QT syndrome, type 1","<a href=""https://www.omim.org/entry/192500"">192500</a>",cardiovascular,AD,1,
KCNQ2,"Developmental and epileptic encephalopathy, type 7","<a href=""https://www.omim.org/entry/613720"">613720</a>",neurodevelopmental,AD,2,
KCNV2,"Retinal cone dystrophy, type 3B","<a href=""https://www.omim.org/entry/610356"">610356</a>",ocular,AR,2,
KDM1A,"Cleft palate, psychomotor retardation, and distinctive facial features","<a href=""https://www.omim.org/entry/616728"">616728</a>",neurodevelopmental,AD,1,
KDM5A,KDM5A-Associated Disorders,"<p>El Hayek et al., 2020</p>",neurodevelopmental,AD,1,
KDM5B,KDM5B-Associated Disorders,"<p>Borroto et al., 2024</p>",neurodevelopmental,AD,1,
KDM5C,"Intellectual developmental disorder, X-linked syndromic, Claes-Jensen type","<a href=""https://www.omim.org/entry/300534"">300534</a>",neurodevelopmental,XL,1,
KERA,"Cornea plana, type 2","<a href=""https://www.omim.org/entry/217300"">217300</a>",ocular,AR,3,
KIAA1549,"Retinitis pigmentosa, type 86","<a href=""https://www.omim.org/entry/618613"">618613</a>",ocular,AR,1,
KIF1A,NESCAV syndrome,"<a href=""https://www.omim.org/entry/614255"">614255</a>",neurodevelopmental,AD,1,
KIF11,"Microcephaly with or without chorioretinopathy, lymphedema or impaired intellectual developmen","<a href=""https://www.omim.org/entry/152950"">152950</a>",neurodevelopmental,AD,3,
KIF21A,"Fibrosis of extraocular muscles congenital, type 1","<a href=""https://www.omim.org/entry/135700"">135700</a>",ocular,AD,6,
KIF2A,"Cortical dysplasia, complex, with other brain malformations, type 3","<a href=""https://www.omim.org/entry/615411"">615411</a>",neurodevelopmental,AD,1,
KIF5A,"Spastic paraplegia, type 10","<a href=""https://www.omim.org/entry/604187"">604187</a>",neurological,AD,1,
KIF7,Acrocallosal syndrome,"<a href=""https://www.omim.org/entry/200990"">200990</a>",neurodevelopmental,AR,1,
KIZ,"Retinitis pigmentosa, type 69","<a href=""https://www.omim.org/entry/615780"">615780</a>",ocular,AR,1,
KMT2A,Wiedemann-Steiner syndrome,"<a href=""https://www.omim.org/entry/605130"">605130</a>",neurodevelopmental,AD,4,
KMT2D,"Kabuki syndrome, type 1","<a href=""https://www.omim.org/entry/147920"">147920</a>",neurodevelopmental,AD,3,
KRAS,"Oculoectodermal syndrome, somatic","<a href=""https://www.omim.org/entry/600268"">600268</a>",dermatological,AD (somatic),3,
KRAS,"Schimmelpenning-Feuerstein-Mims syndrome, somatic mosaicism","<a href=""https://www.omim.org/entry/163200"">163200</a>",dermatological,AD (somatic),3,
KRAS,"Noonan syndrome, type 3","<a href=""https://www.omim.org/entry/609942"">609942</a>",neurodevelopmental,AD,1,
KRT10,"Epidermolytic hyperkeratosis, type 2A","<a href=""https://www.omim.org/entry/620150"">620150</a>",dermatological,AD,1,
LAMA2,"Muscular dystrophy, congenital, merosin deficient or partially deficient","<a href=""https://www.omim.org/entry/607855"">607855</a>",muscular,AR,2,
LBR,Reynolds syndrome,"<a href=""https://www.omim.org/entry/613471"">613471</a>","hematological, immunological and lymphatic",AD,1,
LCA5,"Leber congenital amaurosis, type 5","<a href=""https://www.omim.org/entry/604537"">604537</a>",ocular,AR,3,
LDLR,"Hypercholesterolemia, familial, type 1","<a href=""https://www.omim.org/entry/143890"">143890</a>",metabolic,AD,5,
LMNA,Hutchinson-Gilford progeria,"<a href=""https://www.omim.org/entry/176670"">176670</a>",cardiovascular,AD,1,
LOXL1,"Exfoliation syndrome, susceptibility","<a href=""https://www.omim.org/entry/177650"">177650</a>",ocular,AD,1,
LPIN1,"Myoglobinuria, acute recurrent","<a href=""https://www.omim.org/entry/268200"">268200</a>",muscular,AR,1,
LPL,"Lipase deficiency, combined","<a href=""https://www.omim.org/entry/246650"">246650</a>",metabolic,AR,1,
LRAT,"Leber congenital amaurosis, type 14","<a href=""https://www.omim.org/entry/613341"">613341</a>",ocular,AR,2,
LRP2,Donnai-Barrow syndrome,"<a href=""https://www.omim.org/entry/222448"">222448</a>",ocular,AR,2,
LRP5,"Exudative vitreoretinopathy, type 4","<a href=""https://www.omim.org/entry/601813"">601813</a>",ocular,AR,4,
LRP5,Osteoporosis-pseudoglioma syndrome,"<a href=""https://www.omim.org/entry/259770"">259770</a>",skeletal,AR,1,
LRRK2,Parkinson disease 8,"<a href=""https://www.omim.org/entry/607060"">607060</a>",neurological,AD,3,
LYST,Chediak-Higashi syndrome,"<a href=""https://www.omim.org/entry/214500"">214500</a>",dermatological,AR,1,
MAPK8IP3,Neurodevelopmental disorder with or without variable brain abnormalities,"<a href=""https://www.omim.org/entry/618443"">618443</a>",neurodevelopmental,AD,1,
MCPH1,Hereditary Breast Cancer Susceptibility,"<p>Mantere et al., 2016</p>",cancer,AD,1,
MECP2,Rett syndrome,"<a href=""https://www.omim.org/entry/312750"">312750</a>",neurodevelopmental,XL,2,
MED12,MED12-Related Disorders,"<p>Lyons et al., 2021</p>",neurodevelopmental,XL,2,
MEFV,Familial Mediterranean fever,"<a href=""https://www.omim.org/entry/134610"">134610</a>","hematological, immunological and lymphatic",AD,3,
MERTK,"Retinitis pigmentosa, type 38","<a href=""https://www.omim.org/entry/613862"">613862</a>",ocular,AR,5,
MFN2,"Hereditary motor and sensory neuropathy, type VIA","<a href=""https://www.omim.org/entry/601152"">601152</a>",neurological,AD,2,
MFRP,"Nanophthalmos, type 2","<a href=""https://www.omim.org/entry/609549"">609549</a>",ocular,AR,1,
MFRP,"Nanophthalmos, retinitis pigmentosa, foveoschisis, optic disk drusen","<p>Ayala-Ramirez et al., 2006</p>",ocular,AR,6,
MFSD8,Macular dystrophy with central cone involvement,"<a href=""https://www.omim.org/entry/616170"">616170</a>",ocular,AR,1,
MFSD8 ,"Ceroid lipofuscinosis, neuronal, type 7","<a href=""https://www.omim.org/entry/610951"">610951</a>",neurodevelopmental,AR,1,
MITF,"Waardenburg syndrome, type 2A","<a href=""https://www.omim.org/entry/193510"">193510</a>",dermatological,AD,3,
MKKS,"Bardet-Biedl syndrome, type 6","<a href=""https://www.omim.org/entry/605231"">605231</a>",endocrine,AR,2,
MORC2,"Charcot-Marie-Tooth disease, axonal, type 2Z","<a href=""https://www.omim.org/entry/616688"">616688</a>",neurological,AD,1,Dra. Elizabeth Ramos Raudry (1 caso)  poetas.odry@hotmail.com
MSH6,"Lynch syndrome, type 5","<a href=""https://www.omim.org/entry/614350"">614350</a>",cancer,AD,1,
MSX2,"Parietal foramina, type 1","<a href=""https://www.omim.org/entry/168500"">168500</a>",skeletal,AD,1,
MT-ATP6,"Leigh syndrome, mithocondrial","<a href=""https://www.omim.org/entry/500017"">500017</a>",neurological,MT,3,
MT-ATP6,"Neuropathy, ataxia, and retinitis pigmentosa","<a href=""https://www.omim.org/entry/551500"">551500</a>",neurological,MT,5,
MT-ND4,Leber Hereditary Optic Neuropathy; LHON,"<a href=""https://www.omim.org/entry/535000"">535000</a>",ocular,MT,5,
MT-ND6,Leber Hereditary Optic Neuropathy; LHON,"<a href=""https://www.omim.org/entry/535000"">535000</a>",ocular,MT,2,
MT-TK,Myoclonic Epilepsy with Ragged Red Fibers,"<a href=""https://www.omim.org/entry/545000"">545000</a>",muscular,MT,1,
MT-TL1,"Mitochondrial Myopathy, Encephalopathy, Lactic Acidosis, And Stroke-Like Episodes; MELAS","<a href=""https://www.omim.org/entry/540000"">540000</a>",neurological,MT,3,
MT-TV,"Charcot-Marie-Tooth Disease, Axonal, Mitochondrial; CMTMA","<a href=""https://www.omim.org/entry/500013"">500013</a>",neurological,MT,1,
MTMT1,"Myopathy, centronuclear","<a href=""https://www.omim.org/entry/310400"">310400</a>",muscular,XL,1,
MTOR,Smith-Kingsmore syndrome,"<a href=""https://www.omim.org/entry/616638"">616638</a>",neurodevelopmental,AD,1,
MTSS2,Intellectual developmental disorder with ocular anomalies and distinctive facial features,<p>NaN</p>,neurodevelopmental,AD,1,
MYBPC3,"Cardiomyopathy, hypertrophic, type 4","<a href=""https://www.omim.org/entry/115197"">115197</a>",cardiovascular,AD,4,
MYH2,"Congenital myopathy, type 6, with ophthalmoplegia","<a href=""https://www.omim.org/entry/605637"">605637</a>",muscular,AD,1,
MYO7A,"Usher syndrome, type 1B","<a href=""https://www.omim.org/entry/276900"">276900</a>",ocular,AR,10,
MYOC,"Glaucoma, primary open angle, type 1A","<a href=""https://www.omim.org/entry/137750"">137750</a>",ocular,AD,37,
MYRF,Cardiac-urogenital syndrome,"<a href=""https://www.omim.org/entry/618280"">618280</a>",cardiovascular,AD,2,
MYTL1,"Intellectual developmental disorder, type 39","<a href=""https://www.omim.org/entry/616521"">616521</a>",neurodevelopmental,AD,1,
NAA10,"Microphthalmia syndromic, type 1","<a href=""https://www.omim.org/entry/309800"">309800</a>",ocular,XL,4,
NAA15,"Intellectual developmental disorder, type 50, with behavioral abnormalities","<a href=""https://www.omim.org/entry/617787"">617787</a>",neurodevelopmental,AD,3,
NBEA,Neurodevelopmental disorder with or without early-onset generalized epilepsy,"<a href=""https://www.omim.org/entry/619157"">619157</a>",neurodevelopmental,AD,1,
NDP,Norrie disease,"<a href=""https://www.omim.org/entry/310600"">310600</a>",ocular,XL,39,
NF1,Neurofibromatosis-Noonan syndrome,"<a href=""https://www.omim.org/entry/601321"">601321</a>",dermatological,AD,1,
NF1,"Neurofibromatosis, type 1","<a href=""https://www.omim.org/entry/162200"">162200</a>",dermatological,AD,3,
NF2,"Schwannomatosis, vestibular","<a href=""https://www.omim.org/entry/101000"">101000</a>",neurological,AD,1,
NIPBL,"Cornelia de Lange syndrome, type 1","<a href=""https://www.omim.org/entry/122470"">122470</a>",neurodevelopmental,AD,1,
NLRP7,"Hydatidiform mole, recurrent, type 1","<a href=""https://www.omim.org/entry/231090"">231090</a>",renal and genitourinary,AR,1,
NMNAT1,"Leber congenital amaurosis, type 9","<a href=""https://www.omim.org/entry/608553"">608553</a>",ocular,AR,2,
NOD2,Blau syndrome,"<a href=""https://www.omim.org/entry/186580"">186580</a>","hematological, immunological and lymphatic",AD,1,
NPC1,"Niemann-Pick disease, type C1","<a href=""https://www.omim.org/entry/257220"">257220</a>",metabolic,AR,1,
NPHS2,"Nephrotic syndrome, type 2","<a href=""https://www.omim.org/entry/600995"">600995</a>",renal and genitourinary,AR,1,
NR2E3,"Retinitis pigmentosa, type 37","<a href=""https://www.omim.org/entry/611131"">611131</a>",ocular,AD,8,
NRL,"Retinitis pigmentosa, type 27","<a href=""https://www.omim.org/entry/613750"">613750</a>",ocular,AD,5,
NSD1,Sotos syndrome,"<a href=""https://www.omim.org/entry/117550"">117550</a>",neurodevelopmental,AD,5,
NSD2,Rauch-Steindl syndrome,"<a href=""https://www.omim.org/entry/619695"">619695</a>",neurodevelopmental,AD,4,
NTRK2,"Developmental and epileptic encephalopathy, type 58","<a href=""https://www.omim.org/entry/617830"">617830</a>",neurodevelopmental,AD,1,
NYX,"Night blindness, congenital stationary (complete), type 1A,","<a href=""https://www.omim.org/entry/310500"">310500</a>",ocular,XL,1,
OAT,Gyrate atrophy of choroid and retina,"<a href=""https://www.omim.org/entry/258870"">258870</a>",metabolic,AR,10,
OCA2,"Albinism, oculocutaneous, type II","<a href=""https://www.omim.org/entry/203200"">203200</a>",dermatological,AR,6,
OCRL,Lowe syndrome,"<a href=""https://www.omim.org/entry/309000"">309000</a>",neurodevelopmental,XL,2,
OPA1,"Optic atrophy, type 1","<a href=""https://www.omim.org/entry/165500"">165500</a>",ocular,AD,6,
OPA1,Behr syndrome,"<a href=""https://www.omim.org/entry/210000"">210000</a>",ocular,AR,1,
OPTN,"Amyotrophic lateral sclerosis, type12, with or witout frontotemporal dementia","<a href=""https://www.omim.org/entry/613435"">613435</a>",neurological,AD,1,
OTX2,"Microphthalmia syndromic, type 5","<a href=""https://www.omim.org/entry/610125"">610125</a>",ocular,AD,5,
OTX2,"Retinal dystrophy, early-onset, with or without pituitary dysfunction","<a href=""https://www.omim.org/entry/610125"">610125</a>",ocular,AD,1,
PABPN1,Oculopharyngeal muscular dystrophy,"<a href=""https://www.omim.org/entry/164300"">164300</a>",neurological,AD,185,
PACS1,Schuurs-Hoeijmakers syndrome,"<a href=""https://www.omim.org/entry/615009"">615009</a>",neurodevelopmental,AD,3,
PALB2,"{Breast-ovarian cancer, familial, susceptibility to, 5}","<a href=""https://www.omim.org/entry/620442"">620442</a>",cancer,AD,3,
PANK2,"Neurodegeneration with brain iron accumulation, type 1","<a href=""https://www.omim.org/entry/234200"">234200</a>",neurodevelopmental,AR,14,
PAX3,"Wardenburg syndrome, type 1","<a href=""https://www.omim.org/entry/193500"">193500</a>",dermatological,AD,7,
PAX6,Aniridia,"<a href=""https://www.omim.org/entry/106210"">106210</a>",ocular,AD,31,
PCARE,"Retinitis pigmentosa, type 54","<a href=""https://www.omim.org/entry/613428"">613428</a>",ocular,AR,14,
PCARE,"Cone-rod dystrophy, type 23","<a href=""https://www.omim.org/entry/613428"">613428</a>",ocular,AR,5,
PCDH15,"Usher syndrome, type 1D/F digenic","<a href=""https://www.omim.org/entry/601067"">601067</a>",ocular,AR,2,
PDE6A,"Retinitis pigmentosa, type 43","<a href=""https://www.omim.org/entry/613810"">613810</a>",ocular,AR,6,
PDE6B,"Retinitis pigmentosa, type 40","<a href=""https://www.omim.org/entry/613801"">613801</a>",ocular,AR,5,
PDE6H,Retinitis pigmentosa,"<a href=""https://www.omim.org/entry/610024"">610024</a>",ocular,AD,1,
PDHA1,Pyruvate dehydrogenase E1-alpha defiency,"<a href=""https://www.omim.org/entry/312170"">312170</a>",metabolic,XL,1,
PEX1,"Heimler syndrome, type 1","<a href=""https://www.omim.org/entry/234580"">234580</a>",metabolic,AR,2,
PEX26,"Peroxisome biogenesis disorder, type 7A (Zellweger)","<a href=""https://www.omim.org/entry/614872"">614872</a>",metabolic,AR,1,
PEX6,"Heimler syndrome, type 2","<a href=""https://www.omim.org/entry/616617"">616617</a>",metabolic,AR,1,
PIEZO1,"Lymphatic malformation, type 6","<a href=""https://www.omim.org/entry/616843"">616843</a>","hematological, immunological and lymphatic",AR,1,
PIK3R1,SHORT syndrome,"<a href=""https://www.omim.org/entry/269880"">269880</a>",skeletal,AD,1,
PIKFYVE,Corneal fleck dystrophy,"<a href=""https://www.omim.org/entry/121850"">121850</a>",ocular,AD,2,
PITPNM3,"Cone-rod dystrophy, type 5","<a href=""https://www.omim.org/entry/600977"">600977</a>",ocular,AD,1,
PITX2,"Axenfeld-Rieger syndrome, type 1","<a href=""https://www.omim.org/entry/180500"">180500</a>",ocular,AD,6,
PKD1,"Polycystic kidney disease, type 1","<a href=""https://www.omim.org/entry/173900"">173900</a>",renal and genitourinary,AD,9,
PKHD1,"Polycystic kidney disease, type 4, with or without hepatic disease","<a href=""https://www.omim.org/entry/263200"">263200</a>",renal and genitourinary,AR,1,
PLP1,Pelizaeus-Merzbacher disease,"<a href=""https://www.omim.org/entry/312080"">312080</a>",neurodevelopmental,XL,3,
POC1B,"Cone-rod dystrophy, type 20","<a href=""https://www.omim.org/entry/615973"">615973</a>",ocular,AR,9,
POLA1,"Pigmentary disorder, reticulate, with systemic manifestations","<a href=""https://www.omim.org/entry/301220"">301220</a>",dermatological,XL,1,
POLG,"Progressive external ophthalmoplegia, type 1","<a href=""https://www.omim.org/entry/157640"">157640</a>",ocular,AD,5,
POLR2A,Neurodevelopmental disorder with hypotonia and variable intellectual and behavioral abnormalities,"<a href=""https://www.omim.org/entry/618603"">618603</a>",neurodevelopmental,AD,1,
POLR3A,"Leukodystrophy, hypomyelinating, type 7, with or without oligodontia and/or hypogonadotropic hypogonadism","<a href=""https://www.omim.org/entry/607694"">607694</a>",neurodevelopmental,AR,1,
POLRMT,"Combined oxidative phosphorylation deficiency, type 55","<a href=""https://www.omim.org/entry/619743"">619743</a>",neurological,AR,1,
PPARG,"Lipodystrophy, familial partial, type 3","<a href=""https://www.omim.org/entry/604367"">604367</a>",endocrine,AD,1,
PPP1CB,"Noonan syndrome-like disorder with loose anagen hair, type 2","<a href=""https://www.omim.org/entry/617506"">617506</a>",neurodevelopmental,AD,1,
PPT1,"Ceroid lipofuscinosis, neuronal, type 1","<a href=""https://www.omim.org/entry/256730"">256730</a>",neurological,AR,1,
PRCD,"Retinitis pigmentosa, type 36","<a href=""https://www.omim.org/entry/610599"">610599</a>",ocular,AR,2,
PRDM13,"Macular dystrophy, retinal, type 1, North Carolina type, MCDR1","<a href=""https://www.omim.org/entry/136550"">136550</a>",ocular,AD,4,
PREPL,"Myasthenic syndrome, congenital, type 22","<a href=""https://www.omim.org/entry/616224"">616224</a>",neurodevelopmental,AR,1,
PRF1,"Hemophagocytic lymphohistiocytosis, familial, type 2","<a href=""https://www.omim.org/entry/603553"">603553</a>","hematological, immunological and lymphatic",AR,1,
PRKAR1A,"Carney complex, type 1","<a href=""https://www.omim.org/entry/160980"">160980</a>",dermatological,AD,1,
PRKN,"Parkinson disease, juvenile, type 2","<a href=""https://www.omim.org/entry/600116"">600116</a>",neurological,AR,1,
PRMT7,"Short stature, brachydactyly, intellectual developmental disability, and seizures","<a href=""https://www.omim.org/entry/617157"">617157</a>",neurodevelopmental,AR,2,
PRNP,Creutzfeldt-Jakob disease,"<a href=""https://www.omim.org/entry/123400"">123400</a>",neurological,AD,1,
PROM1,"Stargardt disease, type 4","<a href=""https://www.omim.org/entry/603786"">603786</a>",ocular,AD,1,
PROM1,"Retinitis pigmentosa, type 41","<a href=""https://www.omim.org/entry/612095"">612095</a>",ocular,AR,2,
PROM1,"Macular dystrophy, retinal, type 2","<a href=""https://www.omim.org/entry/608051"">608051</a>",ocular,AD,5,
PROM1,"Cone-rod dystrophy, type 12","<a href=""https://www.omim.org/entry/612657"">612657</a>",ocular,AR,11,
PRPF3,"Retinosis pigmentosa, type 18","<a href=""https://www.omim.org/entry/601414"">601414</a>",ocular,AD,11,
PRPF31,"Retinitis pigmentosa, type 11","<a href=""https://www.omim.org/entry/600138"">600138</a>",ocular,AD,24,
PRPF6,"Retinitis pigmentosa, type 60","<a href=""https://www.omim.org/entry/613983"">613983</a>",ocular,AD,1,
PRPF8,"Retinitis pigmentosa, type 13","<a href=""https://www.omim.org/entry/600059"">600059</a>",ocular,AD,2,
PRPH12,"Retinitis pigmentosa, type 7","<a href=""https://www.omim.org/entry/608133"">608133</a>",ocular,AD,1,
PRPH2,"Macular dystrophy, patterned, type 1","<a href=""https://www.omim.org/entry/169150"">169150</a>",ocular,AD,6,
PRR12,Neurocoular syndrome,"<a href=""https://www.omim.org/entry/619539"">619539</a>",neurodevelopmental,AD,1,
PRSS56,"Microphthalmia, isolated, type 6","<a href=""https://www.omim.org/entry/613517"">613517</a>",ocular,AR,10,
PSAP,Metachromatic leukodystrophy due to SAP-b deficiency,"<a href=""https://www.omim.org/entry/249900"">249900</a>",neurodevelopmental,AR,1,
PSEN1,"Alzheimer disease, type 3, with or without spastic paraparesis","<a href=""https://www.omim.org/entry/607822"">607822</a>",neurological,AD,1,
PSTPIP1,"Pyogenic sterile arthritis, pyoderma gangrenosum, and acne","<a href=""https://www.omim.org/entry/604416"">604416</a>",dermatological,AD,1,
PTCH1,Gorlin Goltz syndrome,"<a href=""https://www.omim.org/entry/109400"">109400</a>",neurodevelopmental,AD,1,
PTEN,"Cowden syndrome, type 1","<a href=""https://www.omim.org/entry/158350"">158350</a>",neurodevelopmental,AD,3,
PTPN11,"Noonan syndrome, type 1","<a href=""https://www.omim.org/entry/163950"">163950</a>",neurodevelopmental,AD,5,
PUM1,"Neurodevelopmental disorder with motor abnormalities, and facial dysmorphism","<a href=""https://www.omim.org/entry/620719"">620719</a>",neurodevelopmental,AD,1,
PURA,"Neurodevelopmental disorder with neonatal respiratory insufficiency, hypotonia, and feeding difficulties","<a href=""https://www.omim.org/entry/616158"">616158</a>",neurodevelopmental,AD,1,
PXDN,"Anterior segment dysgenesis, type 7","<a href=""https://www.omim.org/entry/269400"">269400</a>",ocular,AR,4,
RAB11B,"Neurodevelopmental disorder with ataxic gait, absent speech, and decreased cortical white matter","<a href=""https://www.omim.org/entry/617807"">617807</a>",neurodevelopmental,AD,1,
RAB3GAP1,"Warburg micro syndrome, type 1","<a href=""https://www.omim.org/entry/600118"">600118</a>",neurodevelopmental,AR,1,
RAD51C,"Breast-ovarian cancer, familial, susceptibility to, 3","<a href=""https://www.omim.org/entry/613399"">613399</a>",cancer,AD,1,
RAX,"Microphthalmia, Syndromic, type 16","<a href=""https://www.omim.org/entry/611038"">611038</a>",ocular,AR,2,
RB1,Retinoblastoma,"<a href=""https://www.omim.org/entry/180200"">180200</a>",cancer,AD,4,
RBP3,"Retinitis pigmentosa, type 66","<a href=""https://www.omim.org/entry/615233"">615233</a>",ocular,AR,1,
RDH12,Retinitis pigmentosa,"<p>Sarkar et al., 2020.</p>",ocular,AD,2,
RDH12,"Leber congenital amaurosis, type 13","<a href=""https://www.omim.org/entry/612712"">612712</a>",ocular,AR,32,
RDH5,Fundus albipunctatus,"<a href=""https://www.omim.org/entry/136880"">136880</a>",ocular,AD,5,
REEP6,"Retinitis pigmentosa, type 77","<a href=""https://www.omim.org/entry/617304"">617304</a>",ocular,AR,1,
RHO,"Retinitis pigmentosa, type 4","<a href=""https://www.omim.org/entry/613731"">613731</a>",ocular,AD,26,
RNASEH2A,"Aicardi-Goutieres syndrome, type 4","<a href=""https://www.omim.org/entry/610333"">610333</a>",neurodevelopmental,AR,1,
RNF170,"Ataxia, sensory, type 1","<a href=""https://www.omim.org/entry/608984"">608984</a>",neurological,AD,1,
RNU6-2,Retinitis pigmentosa,<p>Quinodoz et al. 2025</p>,ocular,AD,1,
ROM1,"Retinitis pigmentosa, type 7","<a href=""https://www.omim.org/entry/608133"">608133</a>",ocular,AD,1,
RORA,Intellectual developmental disorder with or without epilepsy or cerebellar ataxia,"<a href=""https://www.omim.org/entry/618060"">618060</a>",neurodevelopmental,AD,1,
RP1,"Retinitis pigmentosa, type 1","<a href=""https://www.omim.org/entry/180100"">180100</a>",ocular,AD,18,
RP1L1,"Retinitis pigmentosa, type 88","<a href=""https://www.omim.org/entry/618826"">618826</a>",ocular,AR,1,
RP2,"Retinitis pigmentosa, type 2","<a href=""https://www.omim.org/entry/312600"">312600</a>",ocular,XL,21,
RPE65,"Leber congenital amaurosis, type 2","<a href=""https://www.omim.org/entry/204100"">204100</a>",ocular,AR,22,
RPE65,"Retinitis pigmentosa, type 20","<a href=""https://www.omim.org/entry/613794"">613794</a>",ocular,AR,3,
RPGR,"Retinitis pigmentosa, type 3","<a href=""https://www.omim.org/entry/312610"">312610</a>",ocular,XL,30,
RPGR,"Macular degeneration, atrophic","<a href=""https://www.omim.org/entry/300834"">300834</a>",ocular,XL,3,
RPGRIP1,"Cone-rod dystrophy, type 13","<a href=""https://www.omim.org/entry/608194"">608194</a>",ocular,AR,1,
RPGRIP1,"Leber congenital amaurosis, type 6","<a href=""https://www.omim.org/entry/613826"">613826</a>",ocular,AR,16,
RRM2B,"Progressive external ophthalmoplegia with mitochondrial DNA deletions, type 5","<a href=""https://www.omim.org/entry/613077"">613077</a>",neurological,AD,1,
RS1,"Retinoschisis, type 1, juvenile","<a href=""https://www.omim.org/entry/312700"">312700</a>",ocular,XL,31,
RTEL1,"Dyskeratosis congenita, type 5","<a href=""https://www.omim.org/entry/615190"">615190</a>",dermatological,AR,1,
RTN41IP1,"Optic atrophy 10 with or without ataxia, impaired intellectual development and seizures","<a href=""https://www.omim.org/entry/616732"">616732</a>",neurodevelopmental,AR,1,
RUNX2,Cleidocranial dysplasia,"<a href=""https://www.omim.org/entry/119600"">119600</a>",skeletal,AD,1,
RYR1,"Congenital myopathy, type 1A","<a href=""https://www.omim.org/entry/117000"">117000</a>",neurological,AD,3,
RYR1,Malignant hyperthermia susceptibility 1,"<a href=""https://www.omim.org/entry/145600"">145600</a>",neurological,AD,2,
SAG,"Retinitis pigmentosa, type 96","<a href=""https://www.omim.org/entry/620228"">620228</a>",ocular,AD,3,
SALL4,Duane-radial ray syndrome,"<a href=""https://www.omim.org/entry/607323"">607323</a>",skeletal,AD,2,
SAMD7,Macular dystrophy with or without cone dysfunction,"<a href=""https://www.omim.org/entry/620762"">620762</a>",ocular,AR,1,
SCLT1,"Retinal dystrophy, non syndromic","<p>Sangermano et al., 2025</p>",ocular,AR,1,
SCN11A,"Episodic pain syndrome, familial, type 3","<a href=""https://www.omim.org/entry/615552"">615552</a>",neurological,AD,4,
SCN1A,Dravet syndrome,"<a href=""https://www.omim.org/entry/607208"">607208</a>",neurodevelopmental,AD,6,
SCN1A,"Developmental and epileptic encephalopathy, type 6B, non-Dravet","<a href=""https://www.omim.org/entry/619317"">619317</a>",neurodevelopmental,AD,1,
SCN2A,"Developmental and epileptic encephalopathy, type 11","<a href=""https://www.omim.org/entry/613721"">613721</a>",neurodevelopmental,AD,1,
SCN4A,Paramyotonia congenita,"<a href=""https://www.omim.org/entry/168300"">168300</a>",neurological,AD,1,
SCN5A,"Long QT syndrome, type 3","<a href=""https://www.omim.org/entry/603830"">603830</a>",cardiovascular,AD,1,
SCN5A,"Brugada syndrome, type 1","<a href=""https://www.omim.org/entry/601144"">601144</a>",cardiovascular,AD,1,
SCN9A,SCN9A Neuropathic Pain Syndromes,"<p>Hisama et al., 2020</p>",neurological,AD,3,
SDHD,"Pheochromocytoma/paraganglioma syndrome, type 1","<a href=""https://www.omim.org/entry/168000"">168000</a>",endocrine,AD,1,
SLC34A1,"Nephrolithiasis/osteoporosis, hypophosphatemic, 1","<a href=""https://www.omim.org/entry/612286"">612286</a>",metabolic,AD,1,
SERPINA1,Alpha-1-Antitrypsin Deficiency,"<a href=""https://www.omim.org/entry/613490"">613490</a>",metabolic,AR,1,
SETD1A,Neurodevelopmental disorder with speech impairment and dysmorphic facies,"<a href=""https://www.omim.org/entry/619056"">619056</a>",neurodevelopmental,AD,1,
SETD1B,Intellectual developmental disorder with seizures and language delay,"<a href=""https://www.omim.org/entry/619000"">619000</a>",neurodevelopmental,AD,1,
SETD5,"Intellectual developmental disorder, type 23","<a href=""https://www.omim.org/entry/615761"">615761</a>",neurodevelopmental,AD,1,
SETX,"Spinocerebellar ataxia, with axonal neuropathy, type 2","<a href=""https://www.omim.org/entry/606002"">606002</a>",neurological,AR,1,
SGCE,"Dystonia, type 11, myoclonic","<a href=""https://www.omim.org/entry/159900"">159900</a>",neurological,AD,1,
SGSH,Mucopolysaccharidosis type IIIA (Sanfilippo A),"<a href=""https://www.omim.org/entry/252900"">252900</a>",neurodevelopmental,AR,1,
SHANK3,Phelan-McDermid syndrome,"<a href=""https://www.omim.org/entry/606232"">606232</a>",neurodevelopmental,AD,1,
SHH,"Holoprosencephaly, type 3","<a href=""https://www.omim.org/entry/142945"">142945</a>",neurodevelopmental,AD,1,
SIX1,"Branchiootic syndrome, type 3","<a href=""https://www.omim.org/entry/608389"">608389</a>",skeletal,AD,1,
SLC25A15,Hyperornithinemia-hyperammonemia-homocitrullinemia syndrome,"<a href=""https://www.omim.org/entry/238970"">238970</a>",neurodevelopmental,AR,3,
SLC45A2,"Albinism, oculocutaneous, type IV","<a href=""https://www.omim.org/entry/606574"">606574</a>",dermatological,AR,1,
SLC4A11,Corneal endothelial dystrophy,"<a href=""https://www.omim.org/entry/217700"">217700</a>",ocular,AR,1,
SLC6A1,Myoclonic-atonic epilepsy,"<a href=""https://www.omim.org/entry/616421"">616421</a>",neurological,AD,1,
SMAD6,"Radioulnar synostosis, nonsyndromic","<a href=""https://www.omim.org/entry/179300"">179300</a>",skeletal,AD,1,
SMC3,"Cornelia de Lange syndrome, type 3","<a href=""https://www.omim.org/entry/610759"">610759</a>",neurodevelopmental,AD,1,
SMPD1,Niemann-Pick disease type A,"<a href=""https://www.omim.org/entry/257200"">257200</a>",metabolic,AR,1,
SNRNP200,"Retinitis pigmentosa, type 33","<a href=""https://www.omim.org/entry/610359"">610359</a>",ocular,AD,14,
SOHLH1,"Ovarian dysgenesis, type 5","<a href=""https://www.omim.org/entry/617690"">617690</a>",renal and genitourinary,AR,4,
SOS1,"Noonan syndrome, type 4","<a href=""https://www.omim.org/entry/610733"">610733</a>",neurodevelopmental,AD,8,
SOX10,"Waardenburg syndrome, type 2E, with or without neurologic involvement","<a href=""https://www.omim.org/entry/611584"">611584</a>",dermatological,AD,2,
SOX2,"Microphthalmia, Syndromic, type 3","<a href=""https://www.omim.org/entry/206900"">206900</a>",ocular,AD,4,
SOX2,Optic nerve hypoplasia and abnormalities of the central nervous system,"<a href=""https://www.omim.org/entry/206900"">206900</a>",ocular,AD,1,
SOX4,"Coffin-Siris syndrome, type 10","<a href=""https://www.omim.org/entry/618506"">618506</a>",neurodevelopmental,AD,1,
SOX9,"46XY sex reversal, type 10","<a href=""https://www.omim.org/entry/616425"">616425</a>",renal and genitourinary,AD,1,
SPATA7,"Leber congenital amaurosis, type 3","<a href=""https://www.omim.org/entry/604232"">604232</a>",ocular,AR,5,
SPATA7,"Retinitis pigmentosa, type 94","<a href=""https://www.omim.org/entry/604232"">604232</a>",ocular,AR,3,
SPECC1L,"Teebi hypertelorism syndrome, type 1","<a href=""https://www.omim.org/entry/145420"">145420</a>",skeletal,AD,1,
SPG7,"Spastic paraplegia, type 7","<a href=""https://www.omim.org/entry/607259"">607259</a>",neurological,AR,1,
SPTAN1,"Developmental and epileptic encephalopathy, type 5","<a href=""https://www.omim.org/entry/613477"">613477</a>",neurodevelopmental,AD,2,
SPTB,"Spherocytosis, type 2","<a href=""https://www.omim.org/entry/616649"">616649</a>","hematological, immunological and lymphatic",AD,3,
SPTLC1,"Neuropathy, hereditary sensory and autonomic, type IA","<a href=""https://www.omim.org/entry/162400"">162400</a>",neurological,AD,1,
SREBF1,"Mucoepithelial dysplasia, hereditary","<a href=""https://www.omim.org/entry/158310"">158310</a>",dermatological,AD,2,
SRRM2,"Intellectual developmental disorder, type 72","<a href=""https://www.omim.org/entry/620439"">620439</a>",neurodevelopmental,AD,2,
STAMBP,Neurodevelopmental disorder associated to STAMBP,"<p>Hu et al., 2022</p>",neurodevelopmental,AR,2,
STK11,Peutz-Jeghers syndrome,"<a href=""https://www.omim.org/entry/175200"">175200</a>",cancer,AD,2,
STS,Icthyosis,"<a href=""https://www.omim.org/entry/308100"">308100</a>",dermatological,XL,1,
STXBP1,"Developmental and epileptic encephalopathy, type 4","<a href=""https://www.omim.org/entry/612164"">612164</a>",neurodevelopmental,AD,1,
SUCLG1,"Mitochondrial DNA depletion syndrome, type 9 (encephalomyopathic type with methylmalonic aciduria)","<a href=""https://www.omim.org/entry/245400"">245400</a>",neurodevelopmental,AR,1,
SUOX,Sulfite oxidase deficiency,"<a href=""https://www.omim.org/entry/272300"">272300</a>",neurodevelopmental,AR,1,
SYNE1,"Emery-Dreifuss muscular dystrophy, type 4","<a href=""https://www.omim.org/entry/612998"">612998</a>",neurological,AD,1,
TACSTD2,"Corneal dystrophy, gelatinous drop-like","<a href=""https://www.omim.org/entry/204870"">204870</a>",ocular,AR,10,
TBC1D24,"Developmental and epileptic encephalopathy, type 16","<a href=""https://www.omim.org/entry/615338"">615338</a>",neurodevelopmental,AR,7,
TBC1D24,"Myoclonic epilepsy, infantile, familial","<a href=""https://www.omim.org/entry/605021"">605021</a>",neurodevelopmental,AR,1,
TBCD,"Encephalopathy, progressive, early-onset, with brain atrophy and thin corpus callosum","<a href=""https://www.omim.org/entry/617193"">617193</a>",neurodevelopmental,AR,1,
TBL1XR1,"Intellectual developmental disorder, type 41","<a href=""https://www.omim.org/entry/616944"">616944</a>",neurodevelopmental,AD,1,
TBP,"Spinocerebellar ataxia, type 17","<a href=""https://www.omim.org/entry/607136"">607136</a>",neurological,AD,2,
TBX18,"Congenital anomalies of kidney and urinary tract, type 2","<a href=""https://www.omim.org/entry/143400"">143400</a>",renal and genitourinary,AD,2,
TBXAS1,Ghosal hematodiaphyseal syndrome,"<a href=""https://www.omim.org/entry/231095"">231095</a>","hematological, immunological and lymphatic",AR,1,
TCF20,Developmental delay with variable intellectual impairment and behavioral abnormalities,"<a href=""https://www.omim.org/entry/618430"">618430</a>",neurodevelopmental,AD,1,
TEK,"Glaucoma, type 3, primary congenital, E","<a href=""https://www.omim.org/entry/617272"">617272</a>",ocular,AD,16,
TFAP2A,Branchiooculofacial syndrome,"<a href=""https://www.omim.org/entry/113620"">113620</a>",ocular,AD,7,
TFAP2B,Char syndrome,"<a href=""https://www.omim.org/entry/169100"">169100</a>",cardiovascular,AD,1,
TGFBI,"Corneal dystrophy, Reis Bucklers type","<a href=""https://www.omim.org/entry/608470"">608470</a>",ocular,AD,11,3462
TGFBI,"Corneal dystrophy, Avelino type Granular type 2","<a href=""https://www.omim.org/entry/607541"">607541</a>",ocular,AD,12,
TGFBI,"Corneal dystrophy, Granular type 1","<a href=""https://www.omim.org/entry/121900"">121900</a>",ocular,AD,35,
TGFBI,"Corneal dystrophy, Lattice type 1","<a href=""https://www.omim.org/entry/122200"">122200</a>",ocular,AD,20,
TGFBI,"Corneal dystrophy, Thiel Benke type","<a href=""https://www.omim.org/entry/602082"">602082</a>",ocular,AD,1,
TGM1,"Ichthyosis, congenital, type 1","<a href=""https://www.omim.org/entry/242300"">242300</a>",dermatological,AR,13,
TIMP3,Sorsby fundus dystrophy,"<a href=""https://www.omim.org/entry/136900"">136900</a>",ocular,AD,1,
TK2,"Mitochondrial DNA depletion syndrome, type 2 (myopathic type)","<a href=""https://www.omim.org/entry/609560"">609560</a>",muscular,AR,1,
TMC6,Epidermodysplasia verruciformis,"<a href=""https://www.omim.org/entry/226400"">226400</a>",dermatological,AR,2,
TMEM127,"Pheochromocytoma, susceptibility to","<a href=""https://www.omim.org/entry/171300"">171300</a>",endocrine,AD,1,
TMEM231,"Joubert syndrome, type 20","<a href=""https://www.omim.org/entry/614970"">614970</a>",neurodevelopmental,AR,2,
TMEM67,"COACH syndrome, type 1","<a href=""https://www.omim.org/entry/216360"">216360</a>",neurodevelopmental,AR,1,
TNFRSF13B,"Inmunodeficiency, common variable, type 2","<a href=""https://www.omim.org/entry/240500"">240500</a>","hematological, immunological and lymphatic",AD,1,
TNFRSF1A,"Periodic fever, familial","<a href=""https://www.omim.org/entry/142680"">142680</a>","hematological, immunological and lymphatic",AD,1,
TNNI3,"Cardiomyopathy, hypertrophic, type 7","<a href=""https://www.omim.org/entry/613690"">613690</a>",cardiovascular,AD,1,
TNNI3K,Cardiac conduction disease with/without dilated cardiomiopathy,"<a href=""https://www.omim.org/entry/616117"">616117</a>",cardiovascular,AD,1,
TOPORS,"Retinitis pigmentosa, type 31","<a href=""https://www.omim.org/entry/609923"">609923</a>",ocular,AD,10,
TP53,Li-Fraumeni syndrome,"<a href=""https://www.omim.org/entry/151623"">151623</a>",cancer,AD,1,
TP63,"Ectrodactyly, ectodermal dysplasia, and cleft lip/palate syndrome, type 3","<a href=""https://www.omim.org/entry/604292"">604292</a>",skeletal,AD,5,
TP63,ADULT syndrome,"<a href=""https://www.omim.org/entry/103285"">103285</a>",skeletal,AD,1,
TRRAP,Developmental delay with or without dysmorphic facies and autism,"<a href=""https://www.omim.org/entry/618454"">618454</a>",neurodevelopmental,AD,3,
TSC1,"Tuberous sclerosis, type 1","<a href=""https://www.omim.org/entry/191100"">191100</a>",cancer,AD,1,
TTC8,"Bardet-Biedl syndrome, type 8","<a href=""https://www.omim.org/entry/615985"">615985</a>",endocrine,AR,1,
TTPA,Ataxia with isolated vitamin E deficiency,"<a href=""https://www.omim.org/entry/277460"">277460</a>",neurological,AR,2,
TTR,"Amyloidosis, hereditary, transthyretin-related","<a href=""https://www.omim.org/entry/105210"">105210</a>",cardiovascular,AD,6,
TTR,Müller cell dystrophy,"<p>Dalma-Weiszhausz et al., 2022</p>",ocular,AD,1,
TUBA1A,Lissencephaly 3,"<a href=""https://www.omim.org/entry/611603"">611603</a>",neurodevelopmental,AD,1,
TUBB,"Cortical dysplasia, complex, with other brain malformations, type 6","<a href=""https://www.omim.org/entry/615771"">615771</a>",neurodevelopmental,AD,1,
TUBB3,"Fibrosis of extraocular muscles, congenital, type 3A","<a href=""https://www.omim.org/entry/600638"">600638</a>",ocular,AD,1,
TULP1,"Retinitis pigmentosa, type 14","<a href=""https://www.omim.org/entry/600132"">600132</a>",ocular,AR,3,
TULP1,Cone-rod dystrophy,"<p>Boulanger-Scemama et al., 2015 </p>",ocular,AR,1,
TULP1,"Leber congenital amaurosis, type 15","<a href=""https://www.omim.org/entry/613843"">613843</a>",ocular,AR,9,
TWIST2,Barber-Say syndrome,"<a href=""https://www.omim.org/entry/209885"">209885</a>",dermatological,AD,1,
TYR,"Albinism, oculocutaneous, type IA","<a href=""https://www.omim.org/entry/203100"">203100</a>",dermatological,AR,1,
UBE3A,Angelman syndrome,"<a href=""https://www.omim.org/entry/105830"">105830</a>",neurodevelopmental,AD,1,Dra. Elizabeth Ramos Raudry (1 case)  poetas.odry@hotmail.com
UBIAD1,"Corneal dystrophy, Schnyder type","<a href=""https://www.omim.org/entry/121800"">121800</a>",ocular,AD,5,
UBQLN2,"Amyotrophic lateral sclerosis, type 15, with or without frontotemporal dementia","<a href=""https://www.omim.org/entry/300857"">300857</a>",neurological,XL,1,
UGT1A1,"Crigler-Najjar syndrome, type I","<a href=""https://www.omim.org/entry/218800"">218800</a>",metabolic,AR,4,Dra. Elizabeth Ramos Raudry (1 case)  poetas.odry@hotmail.com
UNC119,"Cone-rod dystrophy, type 24","<a href=""https://www.omim.org/entry/620342"">620342</a>",ocular,AD,1,
USH1C,"Usher syndrome, type 1C","<a href=""https://www.omim.org/entry/276904"">276904</a>",ocular,AR,1,
USH2A,Usher syndrome type 2A,"<a href=""https://www.omim.org/entry/276901"">276901</a>",ocular,AR,46,
USH2A,"Retinitis pigmentosa, type 39","<a href=""https://www.omim.org/entry/613809"">613809</a>",ocular,AR,51,
VHL,Von Hippel-Lindau syndrome,"<a href=""https://www.omim.org/entry/193300"">193300</a>",cancer,AD,40,
VMA21,"Myopathy, with excessive autophagy","<a href=""https://www.omim.org/entry/310440"">310440</a>",muscular,XL,1,
VPS13B,Cohen syndrome,"<a href=""https://www.omim.org/entry/216550"">216550</a>",neurodevelopmental,AR,2,
VSX1,Craneofacial anomalies and anterior segment dysgenesis syndrome,"<a href=""https://www.omim.org/entry/614195"">614195</a>",ocular,AD,1,
VSX2,"Micropthalmia, isolated, type 2","<a href=""https://www.omim.org/entry/610093"">610093</a>",ocular,AR,1,
VWA8,"Retinitis pigmentosa, type 97","<a href=""https://www.omim.org/entry/620422"">620422</a>",ocular,AD,4,
WDR19,Retinitis pigmentosa,"<p>Coussa et al., 2013</p>",ocular,AR,3,
WDR45,"Neurodegeneration with brain iron accumulation, type 5","<a href=""https://www.omim.org/entry/300894"">300894</a>",neurodevelopmental,XL,2,
WFS1,"Wolfram syndrome, type1","<a href=""https://www.omim.org/entry/222300"">222300</a>",ocular,AR,11,
YWHAE,"developmental delay, delayed speech, seizures, and brain malformations","<p>Denommé-Pichon, et al., 2023</p>",neurodevelopmental,AD,1,Dra. Elizabeth Ramos Raudry (1 case)  poetas.odry@hotmail.com
ZC4H2,"Wieacker-Wolff syndrome, female-restricted","<a href=""https://www.omim.org/entry/301041"">301041</a>",neurodevelopmental,XL,1,
ZNF469,"Brittle cornea syndrome, type 1","<a href=""https://www.omim.org/entry/229200"">229200</a>",ocular,AR,3,
1p31.1-p31.3 deletion,Chromosome 1p31 deletion syndrome,"<p>Genovese et al., 2015</p>",neurodevelopmental,AD,1,
1p36.33 deletion,"Chromosome 1p36 deletion syndrome, distal","<a href=""https://www.omim.org/entry/607872"">607872</a>",neurodevelopmental,AD,1,
1q21 deletion,Chromosome 1q21.1 deletion syndrome,"<a href=""https://www.omim.org/entry/612474"">612474</a>",neurodevelopmental,AD,1,
2q24.1-q24.2 deletion,Chromosome 2q24.1-q24.2 deletion syndrome,"<p>Palumbo et al., 2012 </p>",neurodevelopmental,AD,1,
3q29 deletion,Chromosome 3q29 microdeletion syndrome,"<a href=""https://www.omim.org/entry/609425"">609425</a>",neurodevelopmental,AD,1,
4p16.3 deletion,Chromosome 4p16.3 deletion syndrome,"<a href=""https://www.omim.org/entry/194190"">194190</a>",neurodevelopmental,AD,1,
8q21.3-8q22.1 deletion,Chromosome 8q22.1 deletion syndrome,"<p>Overhoff et al., 2014</p>",neurodevelopmental,AD,1,
11p13 deletion,"Wilms tumor, aniridia, genitourinary anomalies and impaired intellectual development syndrome","<a href=""https://www.omim.org/entry/194072"">194072</a>",renal and genitourinary,AD,1,
13q32.1 deletion,"Microcoria, congenital","<a href=""https://www.omim.org/entry/156600"">156600</a>",ocular,AD,1,
15q11.2 deletion,Chromosome 15q11.2 deletion syndrome,"<a href=""https://www.omim.org/entry/615656"">615656</a>",neurodevelopmental,AD,1,
15q11.2-q13 deletion (maternal),Angelman syndrome,"<a href=""https://www.omim.org/entry/105830"">105830</a>",neurodevelopmental,AD,2,
15q11.2-q13 deletion (paternal),Prader-Willi syndrome,"<a href=""https://www.omim.org/entry/176270"">176270</a>",neurodevelopmental,AD,7,
15q11.2-q13 duplication,Chromosome 15q11-q13 duplication syndrome,"<a href=""https://www.omim.org/entry/608636"">608636</a>",neurodevelopmental,AD,5,
16p11.2 deletion,Chromosome 16p11.2 deletion syndrome,"<a href=""https://www.omim.org/entry/611913"">611913</a>",neurodevelopmental,AD,6,
16p13.11 duplication,Chromosome 16p13.11 duplication syndrome,"<p>Allach El Khattabi et al., 2020</p>",neurodevelopmental,AD,8,Dra. Elizabeth Ramos Raudry (1 case)  poetas.odry@hotmail.com
17p12 duplication,"Charcot-Marie-Tooth disease, type 1A","<a href=""https://www.omim.org/entry/118220"">118220</a>",neurological,AD,8,
17p13.3 deletion,Chromosome 17p13.3 deletion syndrome,"<a href=""https://www.omim.org/entry/247200"">247200</a>",neurodevelopmental,AD,9,
18p11.32 deletion,Chromosome 18p deletion syndrome,"<a href=""https://www.omim.org/entry/146390"">146390</a>",neurodevelopmental,AD,10,
18q22.1 deletion,Chromosome 18q deletion syndrome,"<a href=""https://www.omim.org/entry/601808"">601808</a>",neurodevelopmental,AD,11,
22q11.2 deletion,Chromosome 22q11.2 deletion syndrome,"<a href=""https://www.omim.org/entry/188400"">188400</a>",neurodevelopmental,AD,13,
Xp22.31 deletion,Chromosome Xp22.31 deletion syndrome,"<p>Ma et al., 2020</p>",neurodevelopmental,XL,13,
